Estimator,Parameters,Scaler,classfication report
KNeighborsClassifier(),{'estimator__n_neighbors': 3},StandardScaler(),"{'0': {'precision': 0.9997646795159122, 'recall': 0.9750710382513661, 'f1-score': 0.9872634723912803, 'support': 91500}, '1': {'precision': 0.7880111524163569, 'recall': 0.9975294117647059, 'f1-score': 0.8804776739356178, 'support': 8500}, 'accuracy': 0.97698, 'macro avg': {'precision': 0.8938879159661346, 'recall': 0.9863002250080359, 'f1-score': 0.9338705731634491, 'support': 100000}, 'weighted avg': {'precision': 0.9817656297124498, 'recall': 0.97698, 'f1-score': 0.9781866795225491, 'support': 100000}}"
KNeighborsClassifier(),{'estimator__n_neighbors': 3},MinMaxScaler(),"{'0': {'precision': 0.999742334449884, 'recall': 0.9753005464480874, 'f1-score': 0.9873702029729535, 'support': 91500}, '1': {'precision': 0.789512899320108, 'recall': 0.9972941176470588, 'f1-score': 0.8813224515257057, 'support': 8500}, 'accuracy': 0.97717, 'macro avg': {'precision': 0.894627616884996, 'recall': 0.9862973320475731, 'f1-score': 0.9343463272493295, 'support': 100000}, 'weighted avg': {'precision': 0.9818728324638532, 'recall': 0.97717, 'f1-score': 0.9783561440999373, 'support': 100000}}"
LogisticRegression(max_iter=1000),{'estimator__C': 1},StandardScaler(),"{'0': {'precision': 0.9875942593043056, 'recall': 0.8874316939890711, 'f1-score': 0.934837669813493, 'support': 91500}, '1': {'precision': 0.42069741282339707, 'recall': 0.88, 'f1-score': 0.5692541856925418, 'support': 8500}, 'accuracy': 0.8868, 'macro avg': {'precision': 0.7041458360638513, 'recall': 0.8837158469945355, 'f1-score': 0.7520459277530174, 'support': 100000}, 'weighted avg': {'precision': 0.9394080273534283, 'recall': 0.8868, 'f1-score': 0.9037630736632123, 'support': 100000}}"
LogisticRegression(max_iter=1000),{'estimator__C': 0.1},MinMaxScaler(),"{'0': {'precision': 0.9876412558235717, 'recall': 0.8873551912568306, 'f1-score': 0.9348162731925231, 'support': 91500}, '1': {'precision': 0.42066213253892415, 'recall': 0.8804705882352941, 'f1-score': 0.5693202997223384, 'support': 8500}, 'accuracy': 0.88677, 'macro avg': {'precision': 0.7041516941812479, 'recall': 0.8839128897460624, 'f1-score': 0.7520682864574308, 'support': 100000}, 'weighted avg': {'precision': 0.9394480303443766, 'recall': 0.88677, 'f1-score': 0.9037491154475574, 'support': 100000}}"
