Estimator,Parameters,Scaler,classfication report
KNeighborsClassifier(),,StandardScaler(),"{'0': {'precision': 0.9997422795930259, 'recall': 0.9750928961748634, 'f1-score': 0.9872637542601691, 'support': 91500}, '1': {'precision': 0.7881182595760505, 'recall': 0.9972941176470588, 'f1-score': 0.8804528458662235, 'support': 8500}, 'accuracy': 0.97698, 'macro avg': {'precision': 0.8939302695845381, 'recall': 0.9861935069109611, 'f1-score': 0.9338583000631964, 'support': 100000}, 'weighted avg': {'precision': 0.9817542378915829, 'recall': 0.97698, 'f1-score': 0.9781848270466837, 'support': 100000}}"
KNeighborsClassifier(),,MinMaxScaler(),"{'0': {'precision': 0.9997535262550555, 'recall': 0.9752677595628415, 'f1-score': 0.9873588590332985, 'support': 91500}, '1': {'precision': 0.7893119821245694, 'recall': 0.9974117647058823, 'f1-score': 0.8812431786289694, 'support': 8500}, 'accuracy': 0.97715, 'macro avg': {'precision': 0.8945327541898125, 'recall': 0.9863397621343619, 'f1-score': 0.9343010188311339, 'support': 100000}, 'weighted avg': {'precision': 0.9818659950039642, 'recall': 0.97715, 'f1-score': 0.9783390261989303, 'support': 100000}}"
